Rank,Spanish,French,English,,Notes
1,de,de,of,,"1) This list was created using public/free subtitles, particularly from opensubtitles.org."
2,que,quoi,what,,The order is based on the number of occurences of each word in the subtitles.
3,no,ne pas,do not,,
4,a,à,to,,2) The English translation is by Google and can be un-reliable for some words.
5,la,le,the,,
6,el,le,the,,3) You can change the translation from English to another language.
7,y,Y,Y,,To do this you will first need to make a copy of this spreadsheet.  (File > Make a copy...)
8,es,est,is,,"Then replace the ""en"" in the function in the cells in Column C with your desired language code."
9,en,dans,in,,"e.g. Replace ""en"" with ""sv"" for Swedish."
10,lo,le,the,,List of supported languages:
11,un,une,a,,https://cloud.google.com/translate/v2/using_rest?hl=en#language-params
12,por,par,by,,
13,qué,que,than,,4) The original source of this list can be found here:
14,me,moi,me,,https://invokeit.wordpress.com/frequency-word-lists/
15,una,une,a,,
16,te,thé,tea,,5) It is licensed under the following Creative Commons license:
17,se,il,he,,http://creativecommons.org/licenses/by-sa/3.0/
18,los,le,the,,
19,con,avec,with,,6) More Most Common word lists (other languages) can be found here:
20,para,pour,for,,http://www.101languages.net/common-words/
21,mi,mon,my,,
22,está,est,is,,
23,si,Oui,yes,,
24,sí,Oui,yes,,
25,pero,mais,but,,
26,las,le,the,,
27,bien,d'accord,all right,,
28,yo,je,I,,
29,su,ses,its,,
30,eso,cette,that,,
31,aquí,ici,here,,
32,del,du,of the,,
33,al,au,to the,,
34,como,comme,as,,
35,le,vous,you,,
36,tu,vous,you,,
37,más,plus,plus,,
38,todo,tout,all,,
39,ya,déjà,already,,
40,muy,très,very,,
41,esto,ce,this,,
42,vamos,Allons,come on,,
43,ha,il a,he has,,
44,ahora,à présent,now,,
45,esta,est,is,,
46,hay,il y a,there are,,
47,estoy,je suis,I am,,
48,algo,quelque chose,something,,
49,tú,vous,you,,
50,tengo,j'ai,I have,,
51,así,A) Oui,A) Yes,,
52,nada,rien,nothing,,
53,nos,nous,us,,
54,cuando,quand,when,,
55,cómo,Comment,how,,
56,él,le,the,,
57,sé,il,he,,
58,estás,celles-ci,these,,
59,sólo,unique,single,,
60,o,ou,or,,
61,quiero,Je voudrais,I want,,
62,este,ce,this,,
63,tiene,a,has,,
64,gracias,Je vous remercie,Thank you,,
65,he,j'ai,I have,,
66,puedo,puis-je,may l,,
67,bueno,bien,good,,
68,soy,je suis,I am,,
69,era,était,was,,
70,ser,être,be,,
71,vez,temps,time,,
72,hacer,faire,do,,
73,todos,toutes les personnes,everyone,,
74,ella,elle,she,,
75,son,sont,are,,
76,fue,C'était,It was,,
77,eres,vous êtes,you are,,
78,usted,vous,you,,
79,tienes,as-tu,do you have,,
80,puede,pouvez,can,,
81,señor,Monsieur,Sir,,
82,ese,cette,that,,
83,voy,je vais,I go,,
84,quién,qui,who,,
85,casa,maison,home,,
86,creo,je pense,I think,,
87,porque,Pourquoi,why,,
88,tan,alors,so,,
89,favor,favoriser,favor,,
90,hola,Bonjour,Hello,,
91,dónde,où,where,,
92,nunca,jamais,never,,
93,sus,leur,their,,
94,sabes,tu sais,you know,,
95,dos,deux,two,,
96,verdad,vrai,true,,
97,quieres,tu veux,you want,,
98,mucho,beaucoup,much,,
99,entonces,alors,so,,
100,estaba,j'étais,I was,,
101,tiempo,Météo,weather,,
102,mí,mon,my,,
103,esa,cette,that,,
104,mejor,meilleur,best,,
105,hombre,homme,man,,
106,hace,faire,make,,
107,va,va,goes,,
108,dios,Dieu,God,,
109,también,ainsi que,as well,,
110,has,vous,you,,
111,vida,durée de vie,lifetime,,
112,sin,sans pour autant,without,,
113,están,est-il si,is it so,,
114,ver,regarder,watch,,
115,sr,m,Mr,,
116,siempre,pour toujours,forever,,
117,oh,Oh,oh,,
118,hasta,jusqu'à ce que,until,,
119,ti,vous,you,,
120,ahí,Là,there,,
121,siento,Je ressens,I feel,,
122,puedes,pouvez,can,,
123,decir,dire,tell,,
124,ni,ni,neither,,
125,sobre,sur,on,,
126,años,années,years,,
127,tenemos,on a,we have,,
128,uno,un,one,,
129,día,journée,day,,
130,noche,nuit,night,,
131,cosas,des choses,things,,
132,alguien,Quelqu'un,someone,,
133,antes,avant,before,,
134,mis,mon,my,,
135,ir,aller,to go,,
136,poco,un peu,little bit,,
137,otra,autre,other,,
138,quiere,veut,wants,,
139,solo,unique,single,,
140,nadie,personne,no one,,
141,nosotros,nous,we,,
142,padre,père,father,,
143,gente,personnes,people,,
144,parece,Il semble,It seems,,
145,dinero,argent,money,,
146,estar,être,to be,,
147,hecho,fait,fact,,
148,les,leur,them,,
149,mismo,même,same,,
150,sea,être,be,,
151,estamos,étaient,we're,,
152,mira,Regardez,look,,
153,pasa,passer,pass,,
154,trabajo,travail,work,,
155,dijo,Il a dit,He said,,
156,ellos,ils,they,,
157,vas,tu vas,you go,,
158,claro,Clair,Clear,,
159,mañana,Matin,morning,,
160,han,ils ont,they have,,
161,otro,autre,other,,
162,después,après,after,,
163,desde,puisque,since,,
164,mundo,monde,world,,
165,hablar,parler,talk,,
166,tal,tel,such,,
167,había,il y avait,there was,,
168,sabe,sait,knows,,
169,acuerdo,accord,agreement,,
170,momento,moment,moment,,
171,donde,où,where,,
172,fuera,à l'extérieur,outside,,
173,hijo,fils,son,,
174,podría,pourrait,might,,
175,seguro,sûr,safe,,
176,mujer,femme,woman,,
177,amigo,ami,friend,,
178,días,journées,days,,
179,madre,mère,mother,,
180,allí,Là,there,,
181,cosa,chose,thing,,
182,tus,votre,your,,
183,lugar,endroit,place,,
184,dice,Il dit,He says,,
185,gusta,comme,like,,
186,será,sera,will be,,
187,gran,génial,great,,
188,mierda,merde,shit,,
189,tenía,j'ai eu,I had,,
190,mamá,maman,mom,,
191,papá,père,father,,
192,espera,attendre,wait,,
193,hoy,aujourd'hui,today,,
194,tener,avoir,to have,,
195,ven,viens,come,,
196,buena,bien,good,,
197,estado,Etat,state,,
198,nuevo,Nouveau,new,,
199,luego,puis,then,,
200,podemos,nous pouvons,we can,,
201,tres,Trois,three,,
202,dije,m'a dit,said,,
203,nuestro,notre,our,,
204,sido,été,been,,
205,menos,Moins,less,,
206,debe,devrait,should,,
207,tipo,gentil,kind,,
208,buen,bien,good,,
209,conmigo,avec moi,with me,,
210,mal,faux,wrong,,
211,todas,tout,all,,
212,nombre,Prénom,first name,,
213,haciendo,Faire,doing,,
214,crees,tu penses,you think,,
215,toda,tout,all,,
216,amor,amour,love,,
217,mío,le mien,my own,,
218,visto,vu,viewed,,
219,estas,celles-ci,these,,
220,quería,voulait,wanted to,,
221,eh,Hey,Hey,,
222,tarde,en retard,late,,
223,importa,questions,matters,,
224,parte,partie,part,,
225,aún,encore,yet,,
226,nuestra,notre,our,,
227,tienen,ils ont,they have,,
228,tanto,tellement de,so much,,
229,cada,chaque,every,,
230,hora,heure,hour,,
231,veces,fois,times,,
232,necesito,j'ai besoin,I need,,
233,contigo,avec toi,with you,,
234,ve,aller,go,,
235,haber,avoir,to have,,
236,buenas,bien,good,,
237,dicho,en disant,saying,,
238,quien,qui,who,,
239,hacerlo,faire quoi,do what,,
240,demasiado,aussi,too,,
241,oye,Entend,hears,,
242,ah,ah,ah,,
243,haces,tu fais,you do,,
244,hombres,Pour des hommes,mens,,
245,saber,à savoir,to know,,
246,entre,entre,between,,
247,adiós,Au revoir,goodbye,,
248,problema,difficulté,trouble,,
249,unos,certains,some,,
250,vaya,aller,go,,
251,hemos,on a,we have,,
252,cierto,vrai,true,,
253,debo,Je dois,I must,,
254,razón,raison,reason,,
255,alguna,tout,any,,
256,esos,ceux,those,,
257,pues,bien,well,,
258,veo,je vois,I see,,
259,idea,idée,idea,,
260,chica,fille,girl,,
261,realmente,Vraiment,Really,,
262,policía,police,police,,
263,hizo,fait,did,,
264,estos,celles-ci,these,,
265,amigos,copains,friends,,
266,ustedes,votre,your,,
267,quizá,peut être,maybe,,
268,serio,sérieux,serious,,
269,cabeza,tête,head,,
270,hermano,frère,brother,,
271,digo,je dis,I say,,
272,van,aller,go,,
273,pasado,passé,past,,
274,salir,sortir,go out,,
275,cuenta,Compte,account,,
276,familia,famille,family,,
277,cariño,ma chérie,sweetie,,
278,vale,D'accord,OK,,
279,algún,certains,some,,
280,muchas,beaucoup,many,,
281,señora,Mme,Mrs,,
282,somos,nous sommes,we are,,
283,pueden,ils peuvent,they can,,
284,noches,nuits,nights,,
285,muerto,morte,dead,,
286,ud,Vous,You,,
287,todavía,encore,still,,
288,rápido,Rapide,Quick,,
289,viejo,vieux,old,,
290,lado,côté,side,,
291,debería,devrait,should,,
292,ves,tu vois,you see,,
293,sabía,je savais,I knew,,
294,suerte,la chance,luck,,
295,cuidado,Fais attention,watch out,,
296,buenos,bons,good ones,,
297,sería,serait,would be,,
298,da,donne,gives,,
299,mientras,Tandis que,While,,
300,miedo,peur,fear,,
301,primera,premier,first,,
302,contra,contre,against,,
303,puerta,porte,door,,
304,pronto,bientôt,soon,,
305,e,et,and,,
306,casi,presque,almost,,
307,nueva,Nouveau,new,,
308,espero,J'espère,I hope,,
309,cualquier,tout,any,,
310,esas,ceux,those,,
311,agua,L'eau,Water,,
312,os,vous,you,,
313,chico,garçon,boy,,
314,cuánto,combien,how much,,
315,niños,enfants,children,,
316,venga,Allons,come on,,
317,camino,route,road,,
318,primero,Premier,First,,
319,hacia,vers,toward,,
320,pensé,j'ai pensé,I thought,,
321,dentro,à l'intérieur,inside,,
322,pasó,Il a passé,He passed,,
323,debes,vous devez,you must,,
324,ciudad,ville,city,,
325,historia,l'histoire,history,,
326,año,année,year,,
327,viene,vient,comes,,
328,deja,laisser,let,,
329,durante,pendant,during,,
330,forma,forme,shape,,
331,volver,revenir,return,,
332,feliz,heureux,happy,,
333,ojos,les yeux,eyes,,
334,guerra,guerre,war,,
335,caso,Cas,case,,
336,chicos,Garçons,Boys,,
337,esposa,femme,wife,,
338,adelante,devant,ahead,,
339,cuál,lequel,which,,
340,mano,main,hand,,
341,hice,J'ai fait,I did,,
342,vi,vu,saw,,
343,gustaría,voudrais,would like,,
344,muerte,mort,death,,
345,allá,Là,there,,
346,mas,plus,more,,
347,loco,fou,crazy,,
348,supuesto,supposé,supposed,,
349,toma,prise,taking,,
350,minutos,minutes,minutes,,
351,haré,je ferai,I will do,,
352,entiendo,j'ai compris,I get it,,
353,pasar,se produire,happen,,
354,iba,j'allais,I was going,,
355,corazón,cœur,heart,,
356,semana,la semaine,week,,
357,jefe,patron,boss,,
358,venir,viens,come,,
359,manos,mains,hands,,
360,ayuda,Aidez-moi,help,,
361,problemas,problèmes,problems,,
362,juntos,ensemble,together,,
363,supongo,Je suppose,I suppose,,
364,déjame,laisse moi,let me,,
365,importante,important,important,,
366,vete,allez-vous en,go away,,
367,niño,enfant,child,,
368,arriba,au dessus de,above,,
369,hija,fille,daughter,,
370,otros,autres,others,,
371,sra,Mme,Mrs,,
372,personas,personnes,people,,
373,tierra,terre,land,,
374,manera,façon,way,,
375,hablando,parlant,talking,,
376,fin,terminer,finish,,
377,mujeres,femmes,women,,
378,cara,visage,face,,
379,grande,gros,big,,
380,ningún,tout,any,,
381,nuestros,notre,our,,
382,cinco,cinq,five,,
383,llama,appel,call,,
384,hey,Hey,hey,,
385,habla,parle,speaks,,
386,bajo,faible,low,,
387,dices,vous dites,you say,,
388,poder,Puissance,power,,
389,cuándo,quand,when,,
390,quizás,peut être,maybe,,
391,escucha,Écoutez,listen out,,
392,persona,la personne,person,,
393,horas,heures,hours,,
394,tío,oncle,uncle,,
395,aunque,même si,even though,,
396,io,io,io,,
397,único,seulement,only,,
398,dijiste,m'a dit,said,,
399,siquiera,au moins,at least,,
400,quieren,Ils veulent,they want,,
401,ninguna,tout,any,,
402,cerca,près,near,,
403,pequeño,petit,small,,
404,debemos,nous devons,we must,,
405,cree,Cree,cree,,
406,dame,donne moi,give to me,,
407,sigue,suivre,follow,,
408,auto,voiture,car,,
409,cuatro,quatre,four,,
410,dejar,laisser,leave,,
411,muchos,Beaucoup,Many,,
412,igual,même,same,,
413,hago,je fais,I make,,
414,listo,prêt,ready,,
415,significa,ça veut dire,it means,,
416,capitán,capitaine,captain,,
417,clase,classe,class,,
418,llegar,atteindre,reach,,
419,doctor,médecin,doctor,,
420,suficiente,suffisant,enough,,
421,tomar,boisson,drink,,
422,vivir,vivre,live,,
423,joven,Jeune,young,,
424,trabajar,travailler,to work,,
425,haya,hêtre,beech,,
426,abajo,vers le bas,down,,
427,hubiera,aurait,would,,
428,primer,premier,first,,
429,genial,cool,cool,,
430,justo,juste,fair,,
431,pensar,pense,think,,
432,misma,même,same,,
433,puta,chienne,bitch,,
434,comer,manger,eat,,
435,necesita,a besoin de,needs to,,
436,conozco,je connais,I know,,
437,fui,j'étais,I was,,
438,algunos,Certains,Some,,
439,entrar,entrer,get in,,
440,fuerte,fort,strong,,
441,número,nombre,number,,
442,srta,Mme,Ms,,
443,morir,mourir,die,,
444,basta,Suffisant,Enough,,
445,dar,donner,give,,
446,bastante,assez,quite,,
447,amo,amour,love,,
448,atrás,derrière,behind,,
449,dicen,ils disent,they say,,
450,difícil,difficile,hard,,
451,éste,ce,this,,
452,pueda,pouvez,can,,
453,punto,point,point,,
454,vino,du vin,wine,,
455,hermana,sœur,sister,,
456,hijos,enfants,children,,
457,unas,clou,nail,,
458,final,final,final,,
459,escuela,école,school,,
460,podía,je pouvais,I could,,
461,pueblo,village,village,,
462,haga,faire,make,,
463,sangre,du sang,blood,,
464,meses,mois,months,,
465,coche,voiture,car,,
466,juego,Jeu,game,,
467,encontrar,trouver,find,,
468,realidad,réalité,reality,,
469,cuerpo,corps,body,,
470,mayor,plus haute,higher,,
471,última,dernier,last,,
472,eran,ils étaient,they were,,
473,queda,restes,remains,,
474,ok,d'accord,okay,,
475,paz,paix,peace,,
476,dime,dîtes-moi,tell me,,
477,vuelta,revenir,return,,
478,hiciste,fait,did,,
479,tenido,eu,had,,
480,sola,seul,alone,,
481,hacen,faire,make,,
482,ido,disparu,gone,,
483,querida,chère,Dear,,
484,iré,j'irai,I will go,,
485,culpa,culpabilité,guilt,,
486,malo,mal,bad,,
487,chicas,filles,girls,,
488,comida,aliments,food,,
489,dólares,dollars,Dollars,,
490,dr,dr,dr,,
491,saben,ils savent,they know,,
492,fácil,facile,easy,,
493,alto,grand,tall,,
494,posible,possible,possible,,
495,maldito,damné,damned,,
496,dormir,sommeil,sleep,,
497,deberías,vous devriez,you should,,
498,maldita,Zut,damn,,
499,pregunta,Question,Question,,
500,incluso,même,even,,
501,fiesta,fête,party,,
502,tampoco,ni,neither,,
503,cama,lit,bed,,
504,lejos,loin,far,,
505,medio,"un moyen, moyenne","means, medium",,
506,preocupes,inquiéter,worry,,
507,ay,Oh,Oh,,
508,teléfono,téléphone,phone,,
509,diga,dire,tell,,
510,ei,ei,ei,,
511,trata,sur,about,,
512,equipo,équipe,team,,
513,palabra,mot,word,,
514,cuanto,combien,how much,,
515,idiota,idiot,moron,,
516,esté,ce,this,,
517,luz,lumière,light,,
518,tuve,j'ai eu,I had,,
519,país,pays,country,,
520,segundo,seconde,second,,
521,querido,chère,Dear,,
522,diablos,les diables,Devils,,
523,hagas,tu fais,you do,,
524,señorita,manquer,miss,,
525,oportunidad,opportunité,opportunity,,
526,matar,tuer,kill,,
527,algunas,certains,some,,
528,esperando,attendre,waiting,,
529,necesitamos,nous avons besoin,we need,,
530,adónde,où,where,,
531,verte,te voir,to see you,,
532,estará,sera,will be,,
533,venido,je viens,I come,,
534,estabas,vous étiez,you were,,
535,fueron,étaient,were,,
536,seis,six,six,,
537,tenga,avoir,have,,
538,cuarto,trimestre,quarter,,
539,cielo,ciel,sky,,
540,vivo,vivant,alive,,
541,recuerdo,Mémoire,memory,,
542,perdón,Pardon,sorry,,
543,falta,manquer de,lack,,
544,pequeña,peu,little,,
545,oído,oreille,ear,,
546,creer,croyez,believe,,
547,john,John,john,,
548,pienso,je pense,I think,,
549,ésta,est,is,,
550,esperar,attendre,wait,,
551,necesitas,vous avez besoin,you need,,
552,aqui,ici,here,,
553,película,film,movie,,
554,además,également,also,,
555,marido,mari,husband,,
556,perro,chien,dog,,
557,general,général,general,,
558,calle,rue,Street,,
559,exactamente,exactement,exactly,,
560,rey,Roi,king,,
561,padres,Parents,parents,,
562,lista,liste,list,,
563,habrá,Il y aura,there will be,,
564,habitación,pièce,room,,
565,carajo,Merde,fuck,,
566,pensando,en pensant,thinking,,
567,par,paire,pair,,
568,fuego,Feu,fire,,
569,niña,fille,girl,,
570,seguir,suivre,follow,,
571,música,la musique,music,,
572,di,a donné,gave,,
573,habría,il y aurait,there would be,,
574,mucha,beaucoup,a lot,,
575,paso,Il a passé,He passed,,
576,sentido,sens,sense,,
577,diré,je dirais,I will say,,
578,podrías,pouvez-vous,could you,,
579,afuera,à l'extérieur,outside,,
580,digas,vous dites,you say,,
581,ia,ia,ia,,
582,mía,mien,mine,,
583,murió,décédés,died,,
584,dio,ça a donné,it gave,,
585,café,café,coffee,,
586,entiendes,Tu comprends,You understand,,
587,nuestras,notre,our,,
588,piensa,pense,think,,
589,ello,il,it,,
590,lleva,porte,carries,,
591,estuvo,il était,he was,,
592,último,dernier,latest,,
593,diciendo,en disant,saying,,
594,grandes,gros,big,,
595,sitio,site,site,,
596,libro,livre,book,,
597,buscando,recherche,searching,,
598,bebé,bébé,baby,,
599,cállate,fermer,shut,,
600,vuelve,résultats,returns,,
601,jamás,Jamais,Never,,
602,minuto,minute,minute,,
603,arma,arme,weapon,,
604,viaje,Voyage,travel,,
605,única,seulement,only,,
606,muchachos,garçons,boys,,
607,perdido,perdu,lost,,
608,jugar,jouer,to play,,
609,diez,Dix,ten,,
610,vemos,nous voyons,we see,,
611,dado,dé,dice,,
612,sabemos,nous savons,we know,,
613,mil,mille,one thousand,,
614,demás,le reste,the rest,,
615,gusto,goût,taste,,
616,peor,pire,worst,,
617,irme,laisser,leave,,
618,jack,Jack,Jack,,
619,estaban,Ils étaient,They were,,
620,orden,ordre,order,,
621,pasando,Aller,going,,
622,cambio,changement,change,,
623,extraño,étrange,strange,,
624,pobre,pauvre,poor,,
625,ropa,Vêtements,clothing,,
626,queremos,nous voulons,we want,,
627,oficina,Bureau,office,,
628,sino,si non,if not,,
629,modo,mode,mode,,
630,ocurre,se produit,occurs,,
631,muchacho,garçon,boy,,
632,otras,autre,other,,
633,hará,volonté,will,,
634,libre,libre,free,,
635,conoces,tu sais,you know,,
636,piensas,tu penses,you think,,
637,presidente,Président,President,,
638,especial,spécial,special,,
639,anoche,hier soir,last night,,
640,millones,des millions,millions,,
641,acerca,sur,about,,
642,derecho,loi,law,,
643,negro,noir,black,,
644,acá,ici,here,,
645,caballeros,messieurs,gentlemen,,
646,semanas,semaines,weeks,,
647,palabras,mots,words,,
648,buscar,rechercher,search for,,
649,segura,sûr,safe,,
650,correcto,Droite,Right,,
651,frente,de face,front,,
652,hacemos,nous faisons,we make,,
653,seas,vous êtes,you are,,
654,detrás,derrière,behind,,
655,puesto,Cabine de marché,Market Stall,,
656,asunto,affaire,affair,,
657,duro,difficile,hard,,
658,sucede,arrive,happens,,
659,llamar,appeler,to call,,
660,disculpe,Pardon,sorry,,
661,boca,bouche,mouth,,
662,atención,Attention,Attention,,
663,mire,Regardez,Look,,
664,armas,armes,weapons,,
665,encima,plus de,over,,
666,demonios,obtenu sacrément,got damn,,
667,mala,mal,bad,,
668,llevar,porter,wear,,
669,cual,lequel,which,,
670,odio,haine,hate,,
671,hospital,hôpital,hospital,,
672,deben,devrait,should,,
673,sueño,rêver,dream,,
674,quieras,tu veux,you want,,
675,resto,du repos,rest,,
676,llamo,J'appelle,I call,,
677,perder,perdre,to lose,,
678,llamado,appelé,called,,
679,perfecto,parfait,perfect,,
680,estaré,je serai,I will be,,
681,tranquilo,silencieux,quiet,,
682,york,york,york,,
683,seguridad,Sécurité,security,,
684,ayudar,Aidez-moi,help,,
685,tuvo,Il avait,He had,,
686,largo,longue,long,,
687,pena,douleur,pain,,
688,probablemente,Probablement,probably,,
689,ayer,Hier,Yesterday,,
690,dile,dit lui,tell him,,
691,prueba,tester,test,,
692,siendo,étant,being,,
693,bonito,belle,beautiful,,
694,recuerdas,rappelles toi,remember,,
695,haz,faire,make,,
696,real,réal,real,,
697,veras,tu verras,you will see,,
698,increíble,incroyable,incredible,,
699,quisiera,J'aimerais,I would like,,
700,tonto,idiot,silly,,
701,simplemente,simplement,simply,,
702,vámonos,allons-nous en,let's move on,,
703,haría,ferait,would do,,
704,preguntas,des questions,questions,,
705,aire,air,air,,
706,conoce,connu,known,,
707,fuerza,force,strength,,
708,carta,lettre,letter,,
709,trato,traitement,treatment,,
710,plan,plan,plan,,
711,ése,cette,that,,
712,verlo,le voir,see him,,
713,hambre,faim,hungry,,
714,vuelto,tourné,turned,,
715,empezar,début,start,,
716,campo,campagne,countryside,,
717,acaba,juste,just,,
718,hablas,parler,speak,,
719,vive,vies,lives,,
720,barco,navire,ship,,
721,hotel,un hôtel,hotel,,
722,poner,mettre,put,,
723,grupo,groupe,group,,
724,creí,j'ai pensé,I thought,,
725,sol,Soleil,Sun,,
726,tuyo,la vôtre,of yours,,
727,pase,passer,pass,,
728,joe,Joe,joe,,
729,voz,voix,voice,,
730,baño,salle de bains,bathroom,,
731,usar,utilisation,use,,
732,conseguir,obtenir,get,,
733,placer,plaisir,pleasure,,
734,llegado,arrivée,arrived,,
735,decirte,te dire,tell you,,
736,profesor,Prof,Teacher,,
737,noticias,nouvelles,news,,
738,lamento,complainte,lament,,
739,decirle,dire,tell,,
740,blanco,blanc,White,,
741,quédate,rester,stay,,
742,estuve,j'étais,I was,,
743,pie,pied,foot,,
744,anda,etun,anda,,
745,espere,j'ai attendu,I waited,,
746,edad,âge,age,,
747,secreto,secret,secret,,
748,podríamos,nous pourrions,we could,,
749,compañía,entreprise,company,,
750,tren,train,train,,
751,recuerda,rappelles toi,remember,,
752,tras,après,after,,
753,siéntate,Asseyez-vous,Sit down,,
754,prisa,se dépêcher,hurry,,
755,vista,vue,view,,
756,hermosa,belle,beautiful,,
757,negocio,traiter,deal,,
758,deberíamos,nous devrions,we should,,
759,gustan,comme,like,,
760,pagar,Payer,pay,,
761,george,George,george,,
762,futuro,futur,future,,
763,silencio,silence,silence,,
764,siente,se sent,feels,,
765,médico,médecin,doctor,,
766,maestro,prof,teacher,,
767,quiera,vouloir,want,,
768,llegó,j'arrive,I arrive,,
769,loca,fou,crazy,,
770,cambiar,changement,change,,
771,frank,franc,frank,,
772,sal,Sel,Salt,,
773,control,contrôle,control,,
774,raro,rare,rare,,
775,viste,robes,dresses,,
776,novia,petite amie,girlfriend,,
777,diferente,différent,different,,
778,imposible,impossible,impossible,,
779,i,je,i,,
780,amiga,ami,friend,,
781,enseguida,tout de suite,right away,,
782,llamada,appel,call,,
783,dan,donner,give,,
784,dejó,la gauche,left,,
785,mes,mois,month,,
786,llevo,je porte,I wear,,
787,avión,avion,airplane,,
788,pelo,cheveux,hair,,
789,the,le,the,,
790,error,Erreur,error,,
791,haremos,volonté,will,,
792,tendrá,aura,will have,,
793,propia,posséder,own,,
794,siguiente,Suivant,following,,
795,ganar,gagner,win,,
796,ley,loi,law,,
797,dolor,douleur,pain,,
798,oro,or,gold,,
799,ten,Dix,ten,,
800,acabó,fini,finished,,
801,maldición,Zut,damn,,
802,oficial,officiel,official,,
803,situación,situation,situation,,
804,daño,blesser,hurt,,
805,sientes,tu sens,you feel,,
806,entendido,c'est compris,it is understood,,
807,deseo,souhait,wish,,
808,mente,esprit,mind,,
809,ejército,armée,army,,
810,comprar,acheter,to buy,,
811,muertos,morte,dead,,
812,pensaba,pensée,thought,,
813,darle,donne lui,give him,,
814,estúpido,stupide,stupid,,
815,decía,Il a dit,He said,,
816,acabo,fini,finished,,
817,david,David,David,,
818,suena,il semble,it sounds,,
819,mitad,moitié,half,,
820,caballo,cheval,horse,,
821,asesino,assassin,assassin,,
822,vio,il a vu,he saw,,
823,permiso,autorisation,permission,,
824,ellas,ils,they,,
825,trabajando,travail,working,,
826,maravilloso,merveilleux,wonderful,,
827,mesa,table,table,,
828,divertido,drôle,funny,,
829,mejores,Haut,top,,
830,próxima,suivant,next,,
831,entra,entre dans,enters,,
832,tom,à M,tom,,
833,mar,mer,sea,,
834,siete,Sept,seven,,
835,hacía,vers,toward,,
836,sexo,sexe,sex,,
837,encanta,amour,love,,
838,amable,agréable,nice,,
839,mensaje,message,message,,
840,información,information,information,,
841,traje,costume,suit,,
842,alma,âme,soul,,
843,encontrado,a trouvé,found,,
844,coronel,colonel,colonel,,
845,dale,Aller de l'avant,Go ahead,,
846,san,Saint,saint,,
847,cena,Dîner,Dinner,,
848,encontré,j'ai trouvé,I found,,
849,charlie,charlie,charlie,,
850,tendrás,vous aurez,will you have,,
851,eras,âge,ages,,
852,propio,posséder,own,,
853,culo,cul,ass,,
854,asi,A) Oui,A) Yes,,
855,adentro,dans,in,,
856,canción,chanson,song,,
857,gobierno,gouvernement,government,,
858,sam,sam,sam,,
859,temo,Je crains,I fear,,
860,abre,ouvre,opens,,
861,dijeron,ils ont dit,they said,,
862,fuiste,vous étiez,you were,,
863,media,moitié,half,,
864,das,Nous voulons,you give,,
865,estábamos,nous étions,we were,,
866,estaría,il serait,It would,,
867,daré,je donnerai,I will give,,
868,vosotros,vous,you,,
869,frío,du froid,cold,,
870,foto,Photo,Photo,,
871,accidente,accident,accident,,
872,derecha,droite,right,,
873,funciona,travaux,works,,
874,vayas,aller,go,,
875,centro,centre,center,,
876,necesario,nécessaire,necessary,,
877,miren,Regardez,look,,
878,bonita,jolie,pretty,,
879,ante,avant,before,,
880,terrible,terrible,terrible,,
881,pude,je pouvais,I could,,
882,teniente,lieutenant,lieutenant,,
883,luna,Lune,Moon,,
884,izquierda,la gauche,left,,
885,uds,Vous,You,,
886,doy,je donne,I give,,
887,servicio,un service,service,,
888,llamas,appels,calls,,
889,normal,Ordinaire,normal,,
890,junto,ensemble,together,,
891,tienda,le magasin,store,,
892,navidad,Noël,Christmas,,
893,dirección,adresse,address,,
894,abuela,grand-mère,Grandma,,
895,alrededor,autour,around,,
896,vine,venu,came,,
897,tendré,j'aurai,I will have,,
898,libertad,liberté,freedom,,
899,sale,sort,comes out,,
900,línea,ligne,line,,
901,abogado,avocat,attorney,,
902,pies,pieds,feet,,
903,honor,honneur,honor,,
904,tratando,en essayant,trying,,
905,regresar,revenir,to return,,
906,hablo,je parle,I speak,,
907,vieja,vieille femme,old woman,,
908,papel,papier,paper,,
909,terminado,fini,finished,,
910,dejado,la gauche,left,,
911,juro,je le jure,I swear,,
912,hermoso,belle,beautiful,,
913,dulce,sucré,sweet,,
914,sentir,ressentir,feel,,
915,principio,début,beginning,,
916,interesante,intéressant,interesting,,
917,caja,boîte,box,,
918,cualquiera,n'importe qui,anyone,,
919,ocho,huit,eight,,
920,horrible,horrible,horrible,,
921,respuesta,réponse,answer,,
922,perra,chienne,female dog,,
923,gracioso,drôle,funny,,
924,s,s,s,,
925,trae,apporte,brings,,
926,personal,personnel,personal,,
927,mató,il a tué,he killed,,
928,completamente,complètement,completely,,
929,paul,Paul,paul,,
930,vienen,Ils viennent,they come,,
931,sean,sont,are,,
932,llega,arrive,arrives,,
933,abuelo,grand-père,grandfather,,
934,tengas,tu as,you have,,
935,linda,mignonne,cute,,
936,tendremos,nous aurons,we will have,,
937,michael,Michael,Michael,,
938,partes,les pièces,parts,,
939,cárcel,prison,jail,,
940,hubo,il y avait,there was,,
941,sistema,système,system,,
942,lindo,mignonne,cute,,
943,director,réalisateur,director,,
944,hazlo,fais le,do it,,
945,hicieron,fabriqué,made,,
946,tía,tante,aunt,,
947,busca,chercher,search,,
948,don,Don,Don,,
949,baja,faible,low,,
950,pudo,pourrait,could,,
951,salud,Santé,Health,,
952,listos,prêt,ready,,
953,cita,rendez-vous,appointment,,
954,tenías,tu avais,you had,,
955,negocios,Entreprise,business,,
956,tipos,les types,types,,
957,cámara,caméra,camera,,
958,agente,agent,agent,,
959,verás,tu verras,you will see,,
960,infierno,enfer,hell,,
961,regalo,présent,present,,
962,río,rivière,River,,
963,través,à travers,through,,
964,carne,moi à,meat,,
965,totalmente,totalement,totally,,
966,decirme,dîtes-moi,tell me,,
967,piso,sol,floor,,
968,esposo,mari,husband,,
969,oír,entendre,hear,,
970,harry,harceler,harry,,
971,sargento,sergent,sergeant,,
972,deje,laisser,leave,,
973,tuya,le tiens,yours,,
974,ambos,les deux,both of them,,
975,beber,boire,to drink,,
976,calma,calme,calm,,
977,vestido,robe,dress,,
978,salvo,sauf,except,,
979,ésa,cette,that,,
980,verdadero,vrai,true,,
981,basura,poubelle,trash,,
982,suelo,sol,ground,,
983,carrera,carrière,career,,
984,cumpleaños,anniversaire,birthday,,
985,rato,un petit moment,little while,,
986,iremos,nous irons,we'll go,,
987,universidad,Université,college,,
988,bailar,Danse,dance,,
989,triste,triste,sad,,
990,iglesia,église,church,,
991,m,m,m,,
992,delante,en face de,in front of,,
993,nena,bébé,baby,,
994,banco,Banque,Bank,,
995,cuántos,combien,how many,,
996,encuentra,trouver,find,,
997,supone,supposé,supposed,,
998,existe,existe,exists,,
999,programa,Programme,Program,,
1000,alegro,content de,glad,,
1001,santo,saint,holy,,
1002,porqué,Pourquoi,why,,
1003,novio,copain,boyfriend,,
1004,broma,blague,joke,,
1005,diría,dirait,would say,,
1006,salió,il est parti,he left,,
1007,jesús,Jésus,Jesus,,
1008,prometo,je promets,I promise,,
1009,partido,rencontre,match,,
1010,pregunto,je demande,I ask,,
1011,radio,radio,radio,,
1012,vuelva,revenir,return,,
1013,cenar,dîner,dinner,,
1014,ocurrió,eu lieu,occurred,,
1015,creía,pensée,thought,,
1016,corre,courir,run,,
1017,disculpa,excuse,excuse,,
1018,vienes,Vienne,Viennese,,
1019,cerveza,Bière,beer,,
1020,muerta,morte,dead,,
1021,pensado,pensé,thought-out,,
1022,destino,destination,destination,,
1023,bob,bob,bob,,
1024,matrimonio,mariage,marriage,,
1025,fotos,Photos,Photos,,
1026,diablo,Diable,Devil,,
1027,volveré,je reviendrai,I will be back,,
1028,saberlo,je connais,I know,,
1029,cielos,Cieux,Heavens,,
1030,norte,Nord,north,,
1031,sala,salon,living room,,
1032,órdenes,ordres,orders,,
1033,según,selon,according,,
1034,harás,vous ferez,you will do,,
1035,ataque,attaque,attack,,
1036,parís,Paris,Paris,,
1037,ejemplo,Exemple,example,,
1038,sorpresa,surprise,surprise,,
1039,té,thé,tea,,
1040,pudiera,je pouvais,I could,,
1041,baile,Danse,dance,,
1042,club,club,club,,
1043,temprano,de bonne heure,early,,
1044,público,Publique,public,,
1045,tí,vous,you,,
1046,oí,J'ai entendu,I heard,,
1047,mirando,recherche,looking,,
1048,ventana,la fenêtre,window,,
1049,conocido,connu,known,,
1050,duda,doute,doubt,,
1051,boda,mariage,wedding,,
1052,peligro,danger,danger,,
1053,trabaja,travail,working,,
1054,quise,je voulais,I wanted,,
1055,querías,tu voulais,you wanted,,
1056,caliente,chaud,hot,,
1057,escribir,écrire,to write,,
1058,reina,Reine,Queen,,
1059,esperaba,j'esperais,I expected,,
1060,embargo,embargo,embargo,,
1061,sur,Sud,south,,
1062,enfermo,malade,sick,,
1063,excelente,Excellent,Excellent,,
1064,pone,des endroits,places,,
1065,estés,vous êtes,you're,,
1066,escena,scène,scene,,
1067,encuentro,réunion,meeting,,
1068,asesinato,meurtre,murder,,
1069,mike,Mike,mike,,
1070,obra,travail,work,,
1071,n,n,n,,
1072,veré,je verrai,I will see,,
1073,llamó,J'appelle,I call,,
1074,aquel,cette,that,,
1075,terminar,terminer,finish,,
1076,ganas,vers l'avant,forward,,
1077,conocer,savoir,know,,
1078,pruebas,essais,tests,,
1079,señores,Messieurs,Sirs,,
1080,vos,vous,you,,
1081,escúchame,écoute moi,listen to me,,
1082,veamos,Voyons voir,let's see,,
1083,creen,croyez,believe,,
1084,aun,encore,yet,,
1085,ninguno,aucun,none,,
1086,parecía,ressemblait,looked like,,
1087,mary,Marie,mary,,
1088,viva,vivre,live,,
1089,apenas,à peine,barely,,
1090,segunda,seconde,second,,
1091,bill,facture,bill,,
1092,llave,clé,key,,
1093,regreso,il est revenu,he came back,,
1094,trasero,arrière,rear,,
1095,ojalá,avec optimisme,hopefully,,
1096,veremos,nous verrons,we will see,,
1097,simple,simple,simple,,
1098,seré,je serai,I will be,,
1099,éi,Ei,Ei,,
1100,irse,laisser,leave,,
1101,cartas,des lettres,letters,,
1102,l,l,l,,
1103,libros,livres,books,,
1104,apuesto,Beau,handsome,,
1105,leer,lis,read,,
1106,imbécil,imbécile,fool,,
1107,opinión,opinion,opinion,,
1108,joder,Merde,fuck,,
1109,cambiado,modifié,changed,,
1110,sucedió,c'est arrivé,it happened,,
1111,señal,signal,signal,,
1112,habían,ils avaient,they had,,
1113,agradable,agréable,nice,,
1114,cocina,cuisine,kitchen,,
1115,relación,relation,relationship,,
1116,sueños,rêves,dreams,,
1117,segundos,secondes,seconds,,
1118,corte,Couper,cut,,
1119,escuchar,entendre,hear,,
1120,cerebro,cerveau,brain,,
1121,locura,la démence,madness,,
1122,peligroso,dangereux,dangerous,,
1123,hermanos,frères,brothers,,
1124,entender,comprendre,understand,,
1125,cine,cinéma,movie theater,,
1126,dejes,laisser,let,,
1127,reunión,réunion,meeting,,
1128,tendría,aurait,would have,,
1129,verla,voir,see it,,
1130,duele,ça fait mal,it hurt,,
1131,hicimos,Nous faisions,we did,,
1132,londres,Londres,London,,
1133,tocar,toucher,touch,,
1134,mirar,Regardez,look,,
1135,verme,regarde moi,see me,,
1136,ben,ben,ben,,
1137,suyo,le tiens,yours,,
1138,causa,cause,cause,,
1139,pelea,Bats toi,Fight,,
1140,prisión,prison,prison,,
1141,jim,jim,jim,,
1142,mayoría,plus,most,,
1143,fondo,Contexte,background,,
1144,acaso,peut-être,perhaps,,
1145,vuelvo,je reviens,I come back,,
1146,serán,sera,will be,,
1147,montón,tas,heap,,
1148,toca,pièces,plays,,
1149,comandante,le commandant,commander,,
1150,tome,prendre,take,,
1151,éxito,Succès,success,,
1152,misión,mission,mission,,
1153,vidas,vies,lives,,
1154,decisión,décision,decision,,
1155,hogar,maison,home,,
1156,rico,riches,rich,,
1157,trago,boisson,drink,,
1158,capaz,capable,able,,
1159,cargo,position,position,,
1160,unidos,Uni,United,,
1161,lleno,plein,full,,
1162,bar,Pub,Pub,,
1163,estrella,étoile,star,,
1164,posición,position,position,,
1165,estación,gare,station,,
1166,interesa,intéressé,interested,,
1167,uh,uh,uh,,
1168,edificio,bâtiment,building,,
1169,vayan,aller,go,,
1170,consejo,Conseil,advice,,
1171,pistola,pistolet,gun,,
1172,humano,Humain,human,,
1173,irnos,laisser,leave,,
1174,fantástico,fantastique,fantastic,,
1175,ojo,œil,eye,,
1176,jóvenes,jeunes garçons,young boys,,
1177,zapatos,des chaussures,shoes,,
1178,majestad,majesté,majesty,,
1179,lee,lis,read,,
1180,flores,fleurs,flowers,,
1181,ocupado,occupé,occupied,,
1182,bienvenido,vous êtes les bienvenus,you are welcome,,
1183,zona,zone,zone,,
1184,contacto,Contact,Contact,,
1185,henry,Henri,Henry,,
1186,sacar,prendre,take,,
1187,podrían,pourrait,could,,
1188,jimmy,Jimmy,jimmy,,
1189,tema,thème,theme,,
1190,matado,tué,killed,,
1191,soldado,soldat,soldier,,
1192,sabías,tu sais,you know,,
1193,johnny,johnny,johnny,,
1194,pido,je demande,I ask,,
1195,cierra,se ferme,closes,,
1196,peter,peter,peter,,
1197,intento,a tenté,tried,,
1198,irá,aller à,go to,,
1199,calor,chaud,hot,,
1200,finalmente,finalement,Finally,,
1201,equivocado,faux,wrong,,
1202,animales,animaux,animals,,
1203,departamento,département,Department,,
1204,enemigo,ennemi,enemy,,
1205,caballero,gentilhomme,gentleman,,
1206,color,Couleur,colour,,
1207,necesitan,ils ont besoin,they need,,
1208,empieza,départs,starts,,
1209,soldados,soldats,soldiers,,
1210,vea,voir,see,,
1211,entiende,comprend,understands,,
1212,valor,valeur,value,,
1213,azul,bleu,blue,,
1214,miles,Milliers,Thousands,,
1215,espacio,espace,space,,
1216,estarás,vous serez,you will,,
1217,mantener,garder,keep,,
1218,aprender,apprendre,to learn,,
1219,inteligente,intelligent,smart,,
1220,serás,vous serez,you will,,
1221,arte,art,art,,
1222,respeto,le respect,respect,,
1223,pedir,demander,ask,,
1224,puso,mettre,put,,
1225,llaman,appel,call,,
1226,oiga,écouter,Listen,,
1227,juez,juge,judge,,
1228,inglés,Anglais,English,,
1229,precio,prix,price,,
1230,rojo,rouge,Red,,
1231,formas,formes,shapes,,
1232,hagan,faire,make,,
1233,verano,été,summer,,
1234,podido,j'ai,I have,,
1235,piernas,jambes,legs,,
1236,isla,île,island,,
1237,darme,Donnez-moi,give me,,
1238,damas,Dames,ladies,,
1239,guardia,garde,guard,,
1240,espalda,retour,back,,
1241,c,c,c,,
1242,vengan,viens,come,,
1243,parar,Arrêtez,stop,,
1244,llevas,prendre,take,,
1245,banda,B: et,band,,
1246,quedarme,rester,stay,,
1247,habéis,tu as,you have,,
1248,marcha,Mars,March,,
1249,luces,lumières,lights,,
1250,estuviera,il était,he was,,
1251,crimen,la criminalité,crime,,
1252,dejo,la gauche,left,,
1253,ayudarte,T'aider,help you,,
1254,esperen,attendre,expect,,
1255,teníamos,nous avons eu,we had,,
1256,diferencia,différence,difference,,
1257,llamaré,Je vais appeler,I will call,,
1258,ama,amour,love,,
1259,conocí,J'ai rencontre,I met,,
1260,tiempos,temps,time,,
1261,déjalo,laisser seul,leave it alone,,
1262,debajo,sous,under,,
1263,compañero,un compagnon,companion,,
1264,dejé,laisser,leave,,
1265,come,manger,eat,,
1266,déjeme,laisse moi,let me,,
1267,molesta,dérangé,upset,,
1268,contar,dire,tell,,
1269,dejaré,je partirai,I'll leave,,
1270,hablamos,Nous parlons,We speak,,
1271,cansado,fatigué,tired,,
1272,ganado,a gagné,won,,
1273,pareces,tu sembles,you seem,,
1274,juicio,jugement,judgment,,
1275,hablado,parlé,spoken,,
1276,estilo,style,style,,
1277,ayúdame,Aidez moi,Help me,,
1278,sepa,savoir,know,,
1279,viendo,voyant,seeing,,
1280,salida,Départ,departure,,
1281,alegra,heureux,happy,,
1282,despierta,éveillé,awake,,
1283,estupendo,génial,great,,
1284,darte,pour te donner,to give you,,
1285,estados,Etat,state,,
1286,quedan,sont,are,,
1287,próximo,suivant,next,,
1288,nota,Remarque,note,,
1289,llevó,je porte,I wear,,
1290,puedas,vous pouvez,you can,,
1291,podrá,vous pouvez,you can,,
1292,james,James,James,,
1293,nave,navire,ship,,
1294,base,base,base,,
1295,tenían,Ils avaient,They had,,
1296,sube,monte,goes up,,
1297,vuelo,vol,flight,,
1298,excepto,sauf,except,,
1299,golpe,frappe,knock,,
1300,d,ré,d,,
1301,viento,vent,wind,,
1302,estaremos,nous serons,we will be,,
1303,acción,action,action,,
1304,tonterías,chose futile,silly stuff,,
1305,respecto,le respect,respect,,
1306,desea,tu veux,you want,,
1307,sigues,es-tu encore,are you still,,
1308,debía,devrait,should,,
1309,vendrá,viendra,will come,,
1310,encontramos,nous trouvons,we find,,
1311,beso,baiser,kiss,,
1312,cuestión,question,question,,
1313,volvió,Est revenu,went back,,
1314,reglas,règles,rules,,
1315,ruido,bruit,noise,,
1316,acabado,terminer,finish,,
1317,salga,en dehors,out,,
1318,olvidado,oublié,forgotten,,
1319,mentira,mensonge,lie,,
1320,brazo,bras,arm,,
1321,empezó,ça a commencé,it started,,
1322,cálmate,Relax,take it easy,,
1323,caballos,les chevaux,horses,,
1324,experiencia,expérience,experience,,
1325,tranquila,silencieux,quiet,,
1326,quedar,rester,stay,,
1327,esperanza,espérer,hope,,
1328,irte,laisser,leave,,
1329,vd,vous,you,,
1330,perros,chiens,dogs,,
1331,casado,marié,married,,
1332,llegue,Je suis arrivé,I arrived,,
1333,drogas,drogues,drugs,,
1334,pidió,Il a demandé,he asked,,
1335,espíritu,esprit,spirit,,
1336,vacaciones,vacances,holidays,,
1337,copa,tasse,Cup,,
1338,investigación,enquête,investigation,,
1339,prefiero,je préfère,I prefer,,
1340,solía,habitué,used to,,
1341,llevaré,Je vais prendre,I'll take,,
1342,menudo,souvent,often,,
1343,partir,de,from,,
1344,visita,visite,visit,,
1345,alta,haute,high,,
1346,abrir,ouvrir,open,,
1347,tony,tony,tony,,
1348,nueve,neuf,nine,,
1349,bomba,bombe,bomb,,
1350,energía,Énergie,Energy,,
1351,bolsa,sac,bag,,
1352,hacerte,faire,make,,
1353,santa,Saint,St.,,
1354,pan,pain,bread,,
1355,piel,peau,skin,,
1356,usa,les usages,uses,,
1357,metros,mètres,meters,,
1358,perdona,pardons,forgives,,
1359,escrito,écrit,written,,
1360,exacto,exact,exact,,
1361,jugando,En jouant,Playing,,
1362,cuello,cou,neck,,
1363,larga,longue,long,,
1364,escapar,échapper,escape,,
1365,salvar,enregistrer,save,,
1366,escuche,j'ai écouté,I listened,,
1367,perdone,pardonner,forgive,,
1368,sirve,ça sert,it serves,,
1369,preocupe,inquiéter,worry,,
1370,especie,espèce,species,,
1371,aquella,cette,that,,
1372,verá,tu verras,you will see,,
1373,brazos,bras,arms,,
1374,llena,plein,full,,
1375,subir,monter,go up,,
1376,blanca,blanc,white,,
1377,fe,Foi,faith,,
1378,steve,steve,steve,,
1379,modos,modes,modes,,
1380,traído,apporté,brought,,
1381,películas,films,films,,
1382,dama,Dame,Lady,,
1383,suya,le sien,his,,
1384,decirlo,je dis,I say,,
1385,doble,double,double,,
1386,inmediatamente,immédiatement,immediately,,
1387,culpable,coupable,guilty,,
1388,preocupa,des soucis,worries,,
1389,tardes,les après-midi,afternoons,,
1390,vengo,je viens,I come,,
1391,bosque,forêt,forest,,
1392,perdí,J'ai raté,I missed,,
1393,max,max,max,,
1394,volverá,Pour revenir à,To return to,,
1395,taxi,taxi,cab,,
1396,volar,voler,fly,,
1397,debido,dû,due,,
1398,repente,soudainement,suddenly,,
1399,bromeando,plaisanterie,joking,,
1400,ios,ios,ios,,
1401,viejos,vieux,old,,
1402,planeta,planète,planet,,
1403,leche,Lait,milk,,
1404,nick,entaille,nick,,
1405,tanta,tellement de,so much,,
1406,tuviera,eu,had,,
1407,encantado,charmé,charmed,,
1408,cabrón,Idiot,dumbass,,
1409,correr,courir,run,,
1410,depende,Ça dépend,It depends,,
1411,eddie,eddie,eddie,,
1412,común,commun,common,,
1413,informe,rapport,report,,
1414,billy,gamelle,billy,,
1415,solamente,seulement,only,,
1416,máquina,machine,machine,,
1417,muere,aller mort,go dead,,
1418,principal,principal,principal,,
1419,ridículo,ridicule,ridiculous,,
1420,entrada,entrée,entry,,
1421,encontró,il a trouvé,he found,,
1422,podamos,nous pouvons,we can,,
1423,acabar,terminer,finish,,
1424,américa,Amérique,America,,
1425,regresa,revenu,came back,,
1426,probar,Essaie,try out,,
1427,príncipe,le prince,the prince,,
1428,mr,m,mr,,
1429,preparado,préparé,prepared,,
1430,pedido,ordre,order,,
1431,propósito,objectif,purpose,,
1432,dieron,ils ont donné,they gave,,
1433,salido,sorti,stepped out,,
1434,cliente,client,client,,
1435,árbol,arbre,tree,,
1436,absoluto,absolu,absolute,,
1437,dejas,vous laissez,you let,,
1438,quiénes,Qui,Who,,
1439,habías,tu avais,you had,,
1440,b,b,b,,
1441,parecen,ils ressemblent à,they look like,,
1442,belleza,beauté,beauty,,
1443,llame,J'ai appelé,I called,,
1444,intenta,essayer,try,,
1445,humanos,humains,humans,,
1446,you,vous,you,,
1447,tratar,essayer,try,,
1448,vuestra,votre,your,,
1449,hayas,tu as,you have,,
1450,princesa,Princesse,Princess,,
1451,sigo,je suis,I follow,,
1452,quedarse,rester,stay,,
1453,oeste,Ouest,West,,
1454,traer,apporter,bring,,
1455,olvídalo,oublie ça,forget this,,
1456,francia,France,France,,
1457,tuvimos,nous avons eu,we had,,
1458,ayudarme,Aidez moi,help me,,
1459,deprisa,rapidement,quickly,,
1460,llaves,clés,keys,,
1461,tiro,jeta,threw,,
1462,cerdo,porc,pork,,
1463,gato,chat,cat,,
1464,inglaterra,Angleterre,England,,
1465,vistazo,coup d'œil,glance,,
1466,cuántas,combien,how many,,
1467,defensa,la défense,defending,,
1468,nuevos,Nouveau,new,,
1469,últimos,dernier,latest,,
1470,reloj,l'horloge,clock,,
1471,fuimos,nous sommes allés,we went,,
1472,batalla,bataille,battle,,
1473,hable,j'ai parlé,I talked,,
1474,caminar,marche,walk,,
1475,hacerle,faire,make,,
1476,vayamos,nous allons,we go,,
1477,interior,à l'intérieur,inside,,
1478,bella,belle,beautiful,,
1479,felices,heureux,happy,,
1480,intentando,en essayant,trying,,
1481,apartamento,appartement,apartment,,
1482,teatro,théâtre,theater,,
1483,hacerme,moi,me,,
1484,papi,papa,Daddy,,
1485,ee,ee,ee,,
1486,asuntos,problèmes,issues,,
1487,confiar,confiance,trust,,
1488,hielo,la glace,ice,,
1489,detective,détective,detective,,
1490,deberían,devrait,should,,
1491,cantar,chanter,to sing,,
1492,bajar,descendre,go down,,
1493,vuestro,votre,your,,
1494,pelear,bats toi,fight,,
1495,locos,locos,locos,,
1496,paga,Payer,pay,,
1497,oyes,tu entends,you hear,,
1498,completo,plein,full,,
1499,lucha,bats toi,fight,,
1500,fuerzas,les forces,forces,,
1501,ideas,idées,Ideas,,
1502,borracho,ivre,drunk,,
1503,héroe,héros,hero,,
1504,camión,un camion,truck,,
1505,cabo,cap,cape,,
1506,dientes,les dents,teeth,,
1507,verde,vert,green,,
1508,despacio,lentement,slowly,,
1509,decidido,décidé,decided,,
1510,sociedad,société,society,,
1511,pareja,partenaire,partner,,
1512,dígame,dîtes-moi,tell me,,
1513,estuviste,vous étiez,you were,,
1514,nariz,nez,nose,,
1515,vergüenza,la honte,shame,,
1516,caer,Tomber,fall out,,
1517,j,j,j,,
1518,herido,blessé,injured,,
1519,uu,uu,uu,,
1520,cuentas,comptes,accounts,,
1521,pista,Piste,track,,
1522,siéntese,asseoir,sit,,
1523,bebe,bébé,baby,,
1524,sonido,du son,sound,,
1525,estrellas,étoiles,stars,,
1526,sombrero,chapeau,hat,,
1527,cayó,c'est tombé,it fell,,
1528,evitar,éviter,avoid,,
1529,pasará,cela va arriver,it will happen,,
1530,maría,Marie,Mary,,
1531,memoria,Mémoire,memory,,
1532,solos,seul,alone,,
1533,llorar,cri,cry,,
1534,nervioso,nerveux,nervous,,
1535,lástima,pitié,pity,,
1536,haberlo,j'ai,I have,,
1537,época,temps,time,,
1538,naturaleza,la nature,nature,,
1539,vender,vendre,to sell,,
1540,política,politique,politics,,
1541,levántate,Se lever,Get up,,
1542,estudio,étude,study,,
1543,brillante,scintillante,sparkly,,
1544,nivel,niveau,level,,
1545,diferentes,différent,different,,
1546,dando,donnant,giving,,
1547,hubiese,j'ai eu,I had,,
1548,permite,Il permet,It allows,,
1549,justicia,Justice,Justice,,
1550,planes,des plans,plans,,
1551,gay,gai,gay,,
1552,mírame,Regarde moi,Look at me,,
1553,llegamos,nous sommes arrivés,we arrived,,
1554,roma,Rome,Rome,,
1555,seguramente,sûrement,surely,,
1556,papa,le pape,Pope,,
1557,parecer,sembler,seem,,
1558,t,t,t,,
1559,terminó,fini,finished,,
1560,pierna,jambe,leg,,
1561,quienes,Qui,Who,,
1562,ray,rayon,ray,,
1563,millón,million,million,,
1564,enorme,énorme,huge,,
1565,charles,Charles,charles,,
1566,inocente,innocent,innocent,,
1567,mismos,même,same,,
1568,pantalones,un pantalon,pants,,
1569,ministro,Ministre,Minister,,
1570,bienvenida,Bienvenue,welcome,,
1571,u,ou,or,,
1572,refiero,je veux dire,I mean,,
1573,nombres,Des noms,Name (s,,
1574,mando,j'envoie,I send,,
1575,ponte,ponte,ponte,,
1576,preciosa,précieux,precious,,
1577,alex,alex,alex,,
1578,quedó,c'était,it was,,
1579,podrás,vous pouvez,you can,,
1580,pesar,peser,to weigh,,
1581,animal,animal,animal,,
1582,enferma,malade,sick,,
1583,extraña,étrange,strange,,
1584,enamorado,amoureux,in love,,
1585,tv,la télé,TV,,
1586,autobús,autobus,bus,,
1587,recordar,rappelles toi,remember,,
1588,estáis,vous êtes,you are,,
1589,pequeños,petits,little ones,,
1590,luchar,lutter,to struggle,,
1591,date,rendez-vous amoureux,date,,
1592,contrario,contraire,contrary,,
1593,tomado,pris,taken,,
1594,sois,vous êtes,you are,,
1595,movimiento,mouvement,movement,,
1596,estan,est-il si,is it so,,
1597,sentado,assise,seated,,
1598,gana,envie,desire,,
1599,robert,robert,robert,,
1600,estén,sont,are,,
1601,motivo,raison,reason,,
1602,absolutamente,absolument,absolutely,,
1603,dé,de,of,,
1604,puente,pont,bridge,,
1605,comprendo,je comprends,I understand,,
1606,huevos,des œufs,eggs,,
1607,tomó,Je prends,I take,,
1608,cuento,récit,story,,
1609,botella,bouteille,bottle,,
1610,cuesta,Coût,cost,,
1611,detente,Arrêtez,stop,,
1612,corriendo,fonctionnement,running,,
1613,confianza,confiance,trust,,
1614,felicidad,bonheur,happiness,,
1615,espada,épée,sword,,
1616,silla,chaise,chair,,
1617,bobby,policier,bobby,,
1618,noticia,Nouvelles,News,,
1619,casas,Maisons,houses,,
1620,televisión,la télé,TV,,
1621,acuerdas,rappelles toi,remember,,
1622,necesitaba,nécessaire,needed,,
1623,pared,mur,wall,,
1624,aquellos,ceux,those,,
1625,prensa,presse,press,,
1626,trampa,piège,trap,,
1627,presente,j'ai présenté,I presented,,
1628,estarán,sera,will be,,
1629,jardín,Cour,yard,,
1630,cabello,cheveux,hair,,
1631,espectáculo,spectacle,show,,
1632,podré,je serai capable,I will be able,,
1633,grave,sérieux,serious,,
1634,bastardo,Connard,bastard,,
1635,dará,donner à,give to,,
1636,siga,suivre,follow,,
1637,periódico,Journal,Newspaper,,
1638,coño,cône,cone,,
1639,danny,danny,danny,,
1640,negros,noir,black,,
1641,alguno,tout,any,,
1642,anillo,bague,ring,,
1643,monstruo,monstre,monster,,
1644,total,total,total,,
1645,ai,ai,ai,,
1646,tommy,tommy,tommy,,
1647,piedra,pierre,stone,,
1648,contento,heureux,happy,,
1649,quedarte,rester,stay,,
1650,tengan,avoir,have,,
1651,oigan,entendre,hear,,
1652,sentí,j'ai senti,I felt,,
1653,debí,Je devrais,I should,,
1654,ahi,Là,there,,
1655,policías,police,police,,
1656,lugares,des endroits,places,,
1657,contrato,Contrat,contract,,
1658,playa,Plage,Beach,,
1659,costa,côte,coast,,
1660,puertas,des portes,doors,,
1661,asiento,siège,seat,,
1662,tarjeta,carte,card,,
1663,restaurante,restaurant,restaurant,,
1664,quede,rester,stay,,
1665,paseo,marche,walk,,
1666,hechos,actes,acts,,
1667,hagamos,faisons,let's do,,
1668,maravillosa,merveilleux,wonderful,,
1669,pon,mettre,put,,
1670,inspector,inspecteur,inspector,,
1671,domingo,dimanche,Sunday,,
1672,especialmente,notamment,especially,,
1673,velocidad,la vitesse,speed,,
1674,negra,noir,black,,
1675,richard,Richard,richard,,
1676,intentar,essayer,try,,
1677,proyecto,Brouillon,draft,,
1678,clientes,les clients,customers,,
1679,victoria,la victoire,victory,,
1680,encantaría,amour,love,,
1681,operación,opération,operation,,
1682,perdió,perdu,lost,,
1683,tonta,stupide,dumb,,
1684,imagen,image,image,,
1685,show,Spectacle,Show,,
1686,lleve,J'ai porté,I carried,,
1687,amas,amour,love,,
1688,responsable,responsable,responsable,,
1689,gustaba,Il aimait,He liked,,
1690,aspecto,apparence,appearance,,
1691,tantos,beaucoup,many,,
1692,sentimientos,sentiments,feelings,,
1693,creerlo,je le crois,I believe it,,
1694,objetivo,objectif,objective,,
1695,sarah,sarah,sarah,,
1696,llevan,Ils portent,They carry,,
1697,malas,mal,bad,,
1698,red,net,net,,
1699,dejen,laisser,leave,,
1700,nuevas,nouvelles,news,,
1701,muchacha,fille,girl,,
1702,dormido,endormi,asleep,,
1703,and,et,and,,
1704,historias,histoires,stories,,
1705,arreglar,réparer,fix,,
1706,turno,tour,turn,,
1707,yendo,Aller,going,,
1708,tuviste,Vous avez vu,You saw,,
1709,ponga,mettre,put,,
1710,olvides,oublier,forget,,
1711,escuché,j'ai écouté,I listened,,
1712,pasada,passer,pass,,
1713,mata,Buisson,Bush,,
1714,tantas,beaucoup,many,,
1715,montaña,Montana,Montana,,
1716,gracia,la grâce,Grace,,
1717,enfermedad,maladie,disease,,
1718,dedos,les doigts,fingers,,
1719,guapa,belle,beautiful,,
1720,querer,vouloir,want,,
1721,p,p,p,,
1722,ocurrido,arrivé,happened,,
1723,pocos,peu,few,,
1724,deber,doit,must,,
1725,refieres,vous voulez dire,you mean,,
1726,viernes,Vendredi,Friday,,
1727,preocupado,préoccupé,worried,,
1728,clases,cours,lessons,,
1729,rayos,Rayon,Ray,,
1730,inútil,Inutile,Useless,,
1731,washington,Washington,Washington,,
1732,abierto,ouvrir,open,,
1733,haberte,Pardon,sorry,,
1734,oscuridad,ténèbres,darkness,,
1735,verdadera,réal,real,,
1736,americano,américain,American,,
1737,trajo,apporté,brought,,
1738,gustó,goût,taste,,
1739,primo,cousin,cousin,,
1740,nacional,nationale,national,,
1741,supe,je savais,I knew,,
1742,colegio,école,school,,
1743,malditos,maudit,accursed,,
1744,cuchillo,couteau,knife,,
1745,ibas,vous étiez,you were,,
1746,llegué,Je suis arrivé,I arrived,,
1747,sir,Monsieur,sir,,
1748,diario,du quotidien,daily,,
1749,francés,français,French,,
1750,quedo,Je reste,I remain,,
1751,podremos,nous pouvons,we can,,
1752,orgulloso,fier,proud,,
1753,ladrón,voleur,thief,,
1754,martin,Martin,Martin,,
1755,preguntar,demander,ask,,
1756,pedí,J'ai demandé,I asked,,
1757,central,central,central,,
1758,voluntad,Volonté,Will,,
1759,harán,ils vont,they will,,
1760,jake,jake,jake,,
1761,www,www,www,,
1762,militar,militaire,military,,
1763,agradezco,J'apprécie,I appreciate,,
1764,llevaba,Il portait,He wore,,
1765,mami,maman,Mommy,,
1766,lluvia,pluie,rain,,
1767,éramos,nous étions,we were,,
1768,natural,Naturel,natural,,
1769,calles,des rues,streets,,
1770,cien,cent,one hundred,,
1771,lengua,la langue,language,,
1772,china,Chine,China,,
1773,testigo,témoin,witness,,
1774,ayude,Aidez-moi,help,,
1775,quiso,il voulait,he wanted,,
1776,cansada,fatigué,tired,,
1777,puse,je mets,I put,,
1778,irás,tu iras,you will go,,
1779,alemanes,allemand,German,,
1780,pago,Paiement,payment,,
1781,mirada,Regardez,look,,
1782,momentos,des moments,moments,,
1783,quieto,encore,still,,
1784,sentía,il se sentait,he felt,,
1785,escuchen,écouter,listen,,
1786,descansar,du repos,rest,,
1787,mercado,marché,market,,
1788,dura,difficile,hard,,
1789,humana,Humain,human,,
1790,estúpida,stupide,stupid,,
1791,humor,humour,humor,,
1792,bienvenidos,Bienvenue,Welcome,,
1793,conocía,il savait,he knew,,
1794,jane,Jeanne,jane,,
1795,entero,entier,whole,,
1796,roja,rouge,red,,
1797,larry,larry,larry,,
1798,llamaba,Il a appelé,He called,,
1799,tomas,coups,shots,,
1800,dueño,propriétaire,owner,,
1801,echar,jeter,throw,,
1802,emergencia,urgence,emergency,,
1803,roto,cassé,broken,,
1804,actuar,Acte,Act,,
1805,mark,marque,mark,,
1806,inmediato,maintenant,righ now,,
1807,puntos,points,points,,
1808,paciente,patient,patient,,
1809,olvidé,oublié,forgot,,
1810,hables,vous parlez,you speak,,
1811,varios,divers,various,,
1812,polvo,poudre,powder,,
1813,ángeles,anges,angels,,
1814,coger,prendre,take,,
1815,distancia,distance,distance,,
1816,bravo,Bravo,Bravo,,
1817,europa,L'Europe ,Europe,,
1818,mataron,ils ont tué,they killed,,
1819,tomando,prise,taking,,
1820,verle,voir,see,,
1821,señoría,seigneurie,lordship,,
1822,casarse,se marrier,get marry,,
1823,toque,j'ai touché,I touched,,
1824,toques,touches,touches,,
1825,ángel,ange,Angel,,
1826,amante,amoureux,lover,,
1827,habló,je parle,I speak,,
1828,saca,en sort,pulls out,,
1829,digamos,disons,let say,,
1830,perfecta,parfait,perfect,,
1831,rosa,rose,pink,,
1832,llámame,me donner un appel,Giving me a call,,
1833,nosotras,nous,we,,
1834,peso,poids,weight,,
1835,carga,charge,load,,
1836,acto,acte,act,,
1837,robar,Voler,Steal,,
1838,dejaste,vous avez quitté,you left,,
1839,desastre,catastrophe,disaster,,
1840,bote,bateau,boat,,
1841,huele,odeurs,smells,,
1842,embarazada,Enceinte,pregnant,,
1843,muestra,échantillon,sample,,
1844,gordo,Graisse,Fat,,
1845,puto,putain de,fucking,,
1846,sheriff,shérif,sheriff,,
1847,viviendo,vivant,living,,
1848,anna,anna,anna,,
1849,cerrar,Fermer,close,,
1850,papeles,papiers,papers,,
1851,valiente,courageux,brave,,
1852,gloria,gloire,glory,,
1853,aceptar,accepter,to accept,,
1854,perdóname,pardon,excuse me,,
1855,perfectamente,à la perfection,perfectly,,
1856,oscuro,Foncé,Dark,,
1857,cuidar,prendre soin,look after,,
1858,dedo,doigt,finger,,
1859,ruego,Je prie,I beg,,
1860,pareció,il semblait,it seemed,,
1861,tumba,tombeau,tomb,,
1862,coge,choix,picks,,
1863,resulta,résultat,result,,
1864,dejarlo,laisser,leave,,
1865,comenzar,début,start,,
1866,área,surface,area,,
1867,metido,j'ai eu,I got,,
1868,limpio,nettoyée,cleansed,,
1869,descanso,Pause,break,,
1870,lados,côtés,sides,,
1871,posibilidad,possibilité,possibility,,
1872,jerry,jerry,jerry,,
1873,guapo,Beau,Handsome,,
1874,uso,utilisation,use,,
1875,talento,Talent,talent,,
1876,matarme,tue-moi,kill me,,
1877,continuar,continuer,continue,,
1878,código,code,code,,
1879,comenzó,commencé,started,,
1880,duerme,sommeils,sleeps,,
1881,r,r,r,,
1882,definitivamente,absolument,definitely,,
1883,dave,dave,dave,,
1884,directo,direct,direct,,
1885,vuelvas,vous revenez,you return,,
1886,dia,journée,day,,
1887,demonio,démon,demon,,
1888,parque,parc,Park,,
1889,cambia,changement,change,,
1890,olvidar,oublier,forget,,
1891,cinta,ruban,tape,,
1892,famoso,célèbre,famous,,
1893,mataré,je tuerais,I will kill,,
1894,siguen,suivre,follow,,
1895,saliendo,sortir,coming out,,
1896,muevas,tu bouges,you move,,
1897,señoras,Dames,ladies,,
1898,disparar,tirer,shoot,,
1899,to,à,to,,
1900,chris,chris,chris,,
1901,sóio,seuIement,onIy,,
1902,ja,ja,ja,,
1903,pide,demande,asks,,
1904,debió,il doit avoir,he must have,,
1905,empresa,entreprise,company,,
1906,precioso,belle,beautiful,,
1907,termina,prend fin,ends,,
1908,intención,intention,intention,,
1909,tambien,également,also,,
1910,recibir,recevoir,to receive,,
1911,hubieras,tu avais,you had,,
1912,abrigo,manteau,coat,,
1913,encuentras,tu trouves,you find,,
1914,diste,vous avez donné,you gave,,
1915,tendrán,volonté,will,,
1916,cerrado,fermé,closed,,
1917,conocerte,rencontrer,meet,,
1918,hablé,j'ai parlé,I talked,,
1919,menor,Moins,less,,
1920,querría,je voudrais,I would want,,
1921,imagino,j'imagine,I imagine,,
1922,genio,génie,genius,,
1923,profesional,professionnel,professional,,
1924,oigo,j'entends,I hear,,
1925,pongo,je mets,I put,,
1926,niñas,filles,girls,,
1927,muévete,passez,move on,,
1928,opción,option,option,,
1929,tribunal,tribunal,court,,
1930,tenéis,tu as,you have,,
1931,lago,Lac,lake,,
1932,unidad,unité,unity,,
1933,abierta,ouvrir,open,,
1934,efecto,effet,effect,,
1935,presión,Pression,Pressure,,
1936,varias,nombreuses,several,,
1937,robo,A volé,Stole,,
1938,saldrá,volonté,will,,
1939,veía,Il a regardé,He looked,,
1940,quedado,la gauche,left,,
1941,alcalde,maire,mayor,,
1942,empleo,emploi,job,,
1943,pollo,poulet,chicken,,
1944,whisky,whisky,whiskey,,
1945,california,Californie,California,,
1946,carretera,Autoroute,highway,,
1947,sábado,samedi,Saturday,,
1948,aeropuerto,aéroport,airport,,
1949,jodido,putain de,fucking,,
1950,pobres,pauvre,poor,,
1951,medicina,médicament,medicine,,
1952,llevará,porter,carry,,
1953,gratis,libre,free,,
1954,cae,tomber,falls off,,
1955,fortuna,fortune,fortune,,
1956,castillo,Château,castle,,
1957,nieve,neige,snow,,
1958,busco,je recherche,I search,,
1959,riesgo,risque,risk,,
1960,alemán,allemand,German,,
1961,sucio,sale,dirty,,
1962,idiotas,idiots,idiots,,
1963,walter,walter,walter,,
1964,conversación,conversation,conversation,,
1965,fuese,c'était,it was,,
1966,comienzo,Début,Start,,
1967,pasé,passer,pass,,
1968,encontraron,Ils ont trouvé,They found,,
1969,elección,choix,choice,,
1970,ey,ey,ey,,
1971,salgan,laisser,leave,,
1972,carro,voiture,car,,
1973,piensan,ils pensent,they think,,
1974,rostro,visage,face,,
1975,razones,les raisons,reasons,,
1976,fué,C'était,It was,,
1977,propiedad,propriété,property,,
1978,mundial,monde,world,,
1979,familiar,famille,family,,
1980,libras,livres sterling,pounds,,
1981,hablemos,parlons,let's talk,,
1982,pedazo,pièce,piece,,
1983,continúa,continue,keep going,,
1984,cola,queue,tail,,
1985,enemigos,ennemis,enemies,,
1986,marca,marque,brand,,
1987,líder,Chef,Leader,,
1988,hablan,parler,speak,,
1989,durmiendo,en train de dormir,sleeping,,
1990,socorro,Aidez-moi,Help,,
1991,fútbol,Football,football,,
1992,detalles,détails,details,,
1993,hiciera,faire,do,,
1994,recibido,reçu,received,,
1995,tesoro,Trésor,treasure,,
1996,camisa,chemise,shirt,,
1997,thomas,thomas,thomas,,
1998,comienza,commence,begins,,
1999,conducir,conduire,drive,,
2000,andar,marche,walk,,